transaction_id,date,product,region,quantity,unit_price,total_amount
1001,2026-01-01,Phone,North,7,583.46,4084.22
1002,2026-01-02,Headphones,South,7,918.49,6429.43
1003,2026-01-03,Monitor,West,7,1085.93,7601.51
1004,2026-01-04,Laptop,North,4,870.42,3481.68
1005,2026-01-05,Laptop,West,2,1156.59,2313.18
1006,2026-01-06,Laptop,East,6,942.77,5656.62
1007,2026-01-07,Laptop,East,6,1042.83,6256.98
1008,2026-01-08,Laptop,South,7,154.64,1082.48
1009,2026-01-09,Keyboard,West,5,884.25,4421.25
1010,2026-01-10,Headphones,North,1,539.3,539.3
1011,2026-01-11,Monitor,South,4,672.66,2690.64
1012,2026-01-12,Keyboard,South,4,791.84,3167.36
1013,2026-01-13,Monitor,South,6,1164.38,6986.28
1014,2026-01-14,Phone,South,3,1181.8,3545.4
1015,2026-01-15,Phone,North,3,360.11,1080.33
1016,2026-01-16,Monitor,North,1,885.83,885.83
1017,2026-01-17,Phone,North,6,904.98,5429.88
1018,2026-01-18,Laptop,East,6,428.86,2573.16
1019,2026-01-19,Keyboard,South,1,166.17,166.17
1020,2026-01-20,Keyboard,East,4,68.32,273.28
1021,2026-01-21,Monitor,East,4,937.26,3749.04
1022,2026-01-22,Monitor,East,4,597.85,2391.4
1023,2026-01-23,Laptop,East,7,1182.94,8280.58
1024,2026-01-24,Keyboard,East,2,568.67,1137.34
1025,2026-01-25,Monitor,East,3,1173.94,3521.82
1026,2026-01-26,Keyboard,East,2,505.66,1011.32
1027,2026-01-27,Keyboard,East,2,956.54,1913.08
1028,2026-01-28,Monitor,South,7,120.09,840.63
1029,2026-01-29,Tablet,North,7,675.44,4728.08
1030,2026-01-30,Laptop,West,1,966.43,966.43
1031,2026-01-31,Tablet,South,5,1111.15,5555.75
1032,2026-02-01,Phone,East,2,990.65,1981.3
1033,2026-02-02,Laptop,North,2,63.63,127.26
1034,2026-02-03,Laptop,South,3,459.79,1379.37
1035,2026-02-04,Keyboard,East,2,77.46,154.92
1036,2026-02-05,Headphones,East,4,148.95,595.8
1037,2026-02-06,Headphones,East,7,816.86,5718.02
1038,2026-02-07,Keyboard,South,5,861.64,4308.2
1039,2026-02-08,Headphones,West,6,932.99,5597.94
1040,2026-02-09,Headphones,East,4,1041.24,4164.96
1041,2026-02-10,Laptop,West,1,892.53,892.53
1042,2026-02-11,Monitor,East,1,965.03,965.03
1043,2026-02-12,Tablet,East,2,77.78,155.56
1044,2026-02-13,Laptop,West,2,296.75,593.5
1045,2026-02-14,Keyboard,North,6,753.84,4523.04
1046,2026-02-15,Keyboard,West,6,1032.59,6195.54
1047,2026-02-16,Laptop,West,6,25.31,151.86
1048,2026-02-17,Phone,East,5,627.26,3136.3
1049,2026-02-18,Laptop,East,4,819.2,3276.8
1050,2026-02-19,Phone,East,5,54.94,274.7
1051,2026-02-20,Laptop,South,3,493.6,1480.8
1052,2026-02-21,Keyboard,West,5,1076.85,5384.25
1053,2026-02-22,Headphones,North,6,812.5,4875.0
1054,2026-02-23,Monitor,South,6,300.44,1802.64
1055,2026-02-24,Keyboard,East,5,1026.28,5131.4
1056,2026-02-25,Headphones,West,1,430.68,430.68
1057,2026-02-26,Headphones,South,6,1026.95,6161.7
1058,2026-02-27,Laptop,South,3,372.75,1118.25
1059,2026-02-28,Laptop,North,6,716.58,4299.48
1060,2026-03-01,Headphones,North,4,488.39,1953.56
1061,2026-03-02,Laptop,North,7,344.29,2410.03
1062,2026-03-03,Laptop,North,3,1066.14,3198.42
1063,2026-03-04,Phone,West,7,241.36,1689.52
1064,2026-03-05,Monitor,West,6,120.08,720.48
1065,2026-03-06,Tablet,West,3,423.47,1270.41
1066,2026-03-07,Keyboard,North,4,866.81,3467.24
1067,2026-03-08,Tablet,North,4,972.77,3891.08
1068,2026-03-09,Phone,South,6,1198.52,7191.12
1069,2026-03-10,Tablet,East,5,369.71,1848.55
1070,2026-03-11,Laptop,South,6,501.37,3008.22
1071,2026-03-12,Keyboard,South,3,181.45,544.35
1072,2026-03-13,Phone,North,4,698.35,2793.4
1073,2026-03-14,Tablet,East,4,1197.14,4788.56
1074,2026-03-15,Monitor,South,7,847.04,5929.28
1075,2026-03-16,Headphones,North,3,722.35,2167.05
1076,2026-03-17,Tablet,East,5,483.0,2415.0
1077,2026-03-18,Headphones,West,1,1100.05,1100.05
1078,2026-03-19,Keyboard,North,6,606.36,3638.16
1079,2026-03-20,Phone,South,3,178.55,535.65
1080,2026-03-21,Headphones,West,3,451.15,1353.45
1081,2026-03-22,Monitor,East,5,99.26,496.3
1082,2026-03-23,Headphones,West,4,258.34,1033.36
1083,2026-03-24,Tablet,South,6,40.85,245.1
1084,2026-03-25,Laptop,South,4,554.87,2219.48
1085,2026-03-26,Phone,East,4,768.76,3075.04
1086,2026-03-27,Monitor,North,1,425.09,425.09
1087,2026-03-28,Headphones,North,1,516.05,516.05
1088,2026-03-29,Phone,East,3,1151.87,3455.61
1089,2026-03-30,Tablet,East,7,907.32,6351.24
1090,2026-03-31,Headphones,North,7,658.21,4607.47
1091,2026-04-01,Headphones,East,5,355.76,1778.8
1092,2026-04-02,Keyboard,South,5,1078.46,5392.3
1093,2026-04-03,Phone,East,3,297.41,892.23
1094,2026-04-04,Headphones,West,2,403.9,807.8
1095,2026-04-05,Tablet,North,1,1092.7,1092.7
1096,2026-04-06,Monitor,West,3,644.86,1934.58
1097,2026-04-07,Laptop,South,3,895.94,2687.82
1098,2026-04-08,Laptop,West,2,717.08,1434.16
1099,2026-04-09,Tablet,South,2,791.06,1582.12
1100,2026-04-10,Headphones,South,1,373.27,373.27
1101,2026-04-11,Keyboard,West,5,304.82,1524.1
1102,2026-04-12,Tablet,East,7,400.54,2803.78
1103,2026-04-13,Monitor,North,5,203.42,1017.1
1104,2026-04-14,Tablet,East,4,1051.69,4206.76
1105,2026-04-15,Laptop,West,3,354.23,1062.69
1106,2026-04-16,Laptop,South,3,682.56,2047.68
1107,2026-04-17,Monitor,West,1,954.53,954.53
1108,2026-04-18,Laptop,East,5,944.91,4724.55
1109,2026-04-19,Monitor,South,4,537.3,2149.2
1110,2026-04-20,Phone,North,1,581.98,581.98
1111,2026-04-21,Laptop,East,3,1193.75,3581.25
1112,2026-04-22,Phone,North,2,816.03,1632.06
1113,2026-04-23,Headphones,West,2,981.27,1962.54
1114,2026-04-24,Tablet,East,5,1085.01,5425.05
1115,2026-04-25,Keyboard,South,4,949.36,3797.44
1116,2026-04-26,Headphones,North,5,238.51,1192.55
1117,2026-04-27,Tablet,East,5,683.36,3416.8
1118,2026-04-28,Headphones,North,7,140.24,981.68
1119,2026-04-29,Monitor,South,6,790.45,4742.7
1120,2026-04-30,Tablet,West,5,1147.31,5736.55
